{
  "DATA_1": {
    "strategy": "DATA_1",
    "class_distribution": {
      "original": {
        "0.0": 5162,
        "1.0": 580
      },
      "processed": {
        "0.0": 5000,
        "1.0": 5000
      },
      "balance_ratio": 1.0,
      "minority_increase": 8.620689655172415
    },
    "feature_metrics": {
      "per_feature": {
        "Age": {
          "ks_stat": 0.12443465691396725,
          "wasserstein": 1.4670830588460568,
          "mean_diff": 0.013039444686494808,
          "std_diff": 0.19989418150094085
        },
        "Gender": {
          "ks_stat": 0.030717415534656914,
          "wasserstein": 0.0307174155346569,
          "mean_diff": 0.055851614946168436,
          "std_diff": 0.008179432544727012
        },
        "Community": {
          "ks_stat": 0.19131421107628005,
          "wasserstein": 0.8773996168582376,
          "mean_diff": 0.18933551054154607,
          "std_diff": 0.00630052334064965
        },
        "UAlb": {
          "ks_stat": 0.1898987112504354,
          "wasserstein": 37.3597822593383,
          "mean_diff": 0.7482421928842802,
          "std_diff": 0.8992832546878796
        },
        "Ucr": {
          "ks_stat": 0.21291978404737025,
          "wasserstein": 2039.4125886471777,
          "mean_diff": 0.4185087095809886,
          "std_diff": 0.30490791895151376
        },
        "UACR": {
          "ks_stat": 0.15293591083246255,
          "wasserstein": 55.890419112235,
          "mean_diff": 0.7861435507922722,
          "std_diff": 0.9878068285473766
        },
        "TC": {
          "ks_stat": 0.13093960292580983,
          "wasserstein": 0.33758009431451463,
          "mean_diff": 0.026521650820057616,
          "std_diff": 0.4432937238716179
        },
        "TG": {
          "ks_stat": 0.18602211772901428,
          "wasserstein": 0.6037113166928312,
          "mean_diff": 0.3237190354226612,
          "std_diff": 0.7387269754396754
        },
        "LDLC": {
          "ks_stat": 0.10629198885405781,
          "wasserstein": 0.2360167264283365,
          "mean_diff": 0.013528274899875898,
          "std_diff": 0.322836377916193
        },
        "HDLC": {
          "ks_stat": 0.07117913618948102,
          "wasserstein": 0.05938246792602712,
          "mean_diff": 0.019664181345938322,
          "std_diff": 0.2654467347326682
        },
        "Scr": {
          "ks_stat": 0.13063556252176942,
          "wasserstein": 4.914667696433432,
          "mean_diff": 0.07754521382443594,
          "std_diff": 0.3912812206346848
        },
        "BUN": {
          "ks_stat": 0.12920895158481366,
          "wasserstein": 0.4278503627834946,
          "mean_diff": 0.06562151687492311,
          "std_diff": 0.3241429575424679
        },
        "FPG": {
          "ks_stat": 0.08077770811563915,
          "wasserstein": 0.3313164348902772,
          "mean_diff": 0.010535662085610577,
          "std_diff": 0.13752817156900338
        },
        "HbA1c": {
          "ks_stat": 0.06675503308951584,
          "wasserstein": 0.18368770553206748,
          "mean_diff": 0.013023846668476162,
          "std_diff": 0.2068117680697367
        },
        "Height": {
          "ks_stat": 0.058054301637060254,
          "wasserstein": 0.6405230170227081,
          "mean_diff": 0.0007980703205590612,
          "std_diff": 0.09080186442443626
        },
        "Weight": {
          "ks_stat": 0.18301825148032044,
          "wasserstein": 2.6896038287925177,
          "mean_diff": 0.037482655339978646,
          "std_diff": 0.4192852110017757
        },
        "Duration": {
          "ks_stat": 0.07517492163009404,
          "wasserstein": 0.6321718490752617,
          "mean_diff": 0.009224412642391175,
          "std_diff": 0.0488456715470475
        }
      },
      "avg_ks": 0.12472225090663225,
      "avg_wasserstein": 126.24085303587539
    },
    "minority_quality": {
      "avg_neighbor_distance": 1.9515851886917377,
      "pca_variance": 