{
  "DATA_1": {
    "strategy": "DATA_1",
    "class_distribution": {
      "original": {
        "0.0": 5162,
        "1.0": 580
      },
      "processed": {
        "1.0": 4776,
        "0.0": 2864
      },
      "balance_ratio": 1.6675977653631284,
      "minority_increase": 8.23448275862069
    },
    "feature_metrics": {
      "per_feature": {
        "Age": {
          "ks_stat": 0.14559633161366325,
          "wasserstein": 1.9284283528551445,
          "mean_diff": 0.02555372811844056,
          "std_diff": 0.044924403861835056
        },
        "Gender": {
          "ks_stat": 0.011500909072672929,
          "wasserstein": 0.011500909072672927,
          "mean_diff": 0.020911405919977283,
          "std_diff": 0.002031590188243685
        },
        "Community": {
          "ks_stat": 0.22094719536947377,
          "wasserstein": 1.3621100880624262,
          "mean_diff": 0.29393198262446724,
          "std_diff": 0.012832083908073123
        },
        "UAlb": {
          "ks_stat": 0.17911991370648167,
          "wasserstein": 37.0873364033912,
          "mean_diff": 0.7280642273178934,
          "std_diff": 0.9087187960278033
        },
        "Ucr": {
          "ks_stat": 0.295038715371808,
          "wasserstein": 2306.7876000481438,
          "mean_diff": 0.47337686614766883,
          "std_diff": 0.2700442522566381
        },
        "UACR": {
          "ks_stat": 0.18072401210151706,
          "wasserstein": 56.75231976289597,
          "mean_diff": 0.795460588914734,
          "std_diff": 0.9897663294965499
        },
        "TC": {
          "ks_stat": 0.09114059898497523,
          "wasserstein": 0.23861623456080927,
          "mean_diff": 0.03655827648695338,
          "std_diff": 0.3086572135839729
        },
        "TG": {
          "ks_stat": 0.1405741382045769,
          "wasserstein": 0.5387282971436704,
          "mean_diff": 0.2922934468496734,
          "std_diff": 0.7127735446108127
        },
        "LDLC": {
          "ks_stat": 0.06215385485109262,
          "wasserstein": 0.16785834468534416,
          "mean_diff": 0.012612932311265788,
          "std_diff": 0.25784218473879866
        },
        "HDLC": {
          "ks_stat": 0.09077756259106684,
          "wasserstein": 0.06415196512881113,
          "mean_diff": 0.03150945529320989,
          "std_diff": 0.08368000618885825
        },
        "Scr": {
          "ks_stat": 0.11946240706395969,
          "wasserstein": 4.903437334164906,
          "mean_diff": 0.07951198854702886,
          "std_diff": 0.3266404763065046
        },
        "BUN": {
          "ks_stat": 0.06517426476354081,
          "wasserstein": 0.23265373540423198,
          "mean_diff": 0.03454336683724139,
          "std_diff": 0.2008642689222064
        },
        "FPG": {
          "ks_stat": 0.26511627376855756,
          "wasserstein": 1.1306833545784623,
          "mean_diff": 0.09997549998232642,
          "std_diff": 0.17187629767691998
        },
        "HbA1c": {
          "ks_stat": 0.3001165290748248,
          "wasserstein": 0.7832142876681603,
          "mean_diff": 0.09460591842902331,
          "std_diff": 0.04433412802205641
        },
        "Height": {
          "ks_stat": 0.053537177151547974,
          "wasserstein": 0.572554074779206,
          "mean_diff": 0.0018523620834075564,
          "std_diff": 0.08191211797438241
        },
        "Weight": {
          "ks_stat": 0.11567060750126286,
          "wasserstein": 1.709388081026928,
          "mean_diff": 0.014043702262189721,
          "std_diff": 0.3422781758914951
        },
        "Duration": {
          "ks_stat": 0.24238029327395638,
          "wasserstein": 2.1985618871509827,
          "mean_diff": 0.27292593755827355,
          "std_diff": 0.06797266609856178
        }
      },
      "avg_ks": 0.15170769320382224,
      "avg_wasserstein": 142.145243715336
    },
    "minority_quality": {
      "avg_neighbor_distance": 2.1499129097088927,
      "pca_variance": 